[{
    "default": "127.0.0.1:9107",
    "mode": "cmd",
    "type": "text",
    "name": "--web.listen-address",
    "description": "监听地址",
    "visible": false
},
{
    "default": "http://localhost:8500",
    "mode": "cmd",
    "type": "text",
    "name": "--consul.server",
    "description": "Consul服务地址",
    "visible": true
},
{
    "default": "http://127.0.0.1:9107/metrics",
    "mode": "collector",
    "type": "text",
    "name": "_exporter_url_",
    "description": "采集URL",
    "visible": false
}]